patient_id,first_name,last_name,date_of_birth,gender,phone_number,email,address,blood_type,emergency_contact_name,emergency_contact_phone,insurance_provider,insurance_number
1,Ashley,Lopez,1991-10-02,Female,(906)800-2708x106,jermainewells@hotmail.com,"81664 Lucas Estates Suite 136
Port Lisaport, NE 08752",AB-,Tiffany Sanchez,8267414849,UnitedHealthcare,0d4599a6-c373-43e4-9171-2647ccc29b3a
2,Chelsea,Brown,1942-05-11,Male,001-832-489-5390x60471,lfloyd@campbell.info,"20838 Laura Shore
South Ryanmouth, MO 53290",B+,Tamara Willis,226-214-9411x948,None,N/A
3,Ashley,Winters,1998-09-15,Male,001-559-506-5742x706,nhardy@yahoo.com,"67894 Medina Mill
Ashleyhaven, AZ 22995",AB-,David Diaz,(324)394-4173,Blue Cross,7d9d28ad-8801-4200-97df-e175c1158ef2
4,John,Gonzalez,1941-05-15,Male,180.366.3444x206,samuel30@miller.com,"46790 Jonathan Oval Suite 317
North Aliciahaven, NV 04118",O-,Rebecca Rodriguez,2784988433,UnitedHealthcare,90514215-5bb6-4d81-9a68-95677f0ae809
5,Matthew,Herring,1955-06-15,Male,721.844.5911x94897,amberdawson@gmail.com,"40545 Jones Forges
Manuelborough, VT 80099",AB+,Donna Nguyen,001-273-334-6843x77832,UnitedHealthcare,0077fe07-a927-47c8-8ecb-6bf84bc87587
6,Peter,Young,1973-03-27,Male,994-658-5585,gabriella14@yahoo.com,"372 Garrison Stravenue
Mayerville, GA 72576",O+,Christian Hines,+1-482-169-4811,Cigna,2b2cf6a9-83ea-42c1-ae67-316f9b5a09a2
7,Krista,Campos,1942-05-16,Female,(495)851-1148,sosaangela@yahoo.com,"15483 Frederick Mount Suite 411
Reyesborough, MT 35248",AB-,Alexander Stout,821-648-8237x087,UnitedHealthcare,84d78dc1-bb7f-4f6c-8b1e-73643d757ecd
8,Joseph,Oliver,1937-04-04,Male,001-502-359-6152,cassandrabarnes@hotmail.com,"2654 Heather Loaf Apt. 618
West Bobbyburgh, MT 47521",AB+,Dr. Michael Mercado MD,001-567-067-1913x099,UnitedHealthcare,bbaf42d4-f69d-4be2-a589-3dd45dabbb4b
9,Stanley,Lindsey,2023-08-13,Female,925.315.0115,ibryan@gmail.com,"2134 Kevin Well Apt. 741
Port Kimberly, KY 06426",A-,Joshua Estrada,208-996-7880x839,None,99d7ec26-3d1b-4856-98d3-c062ce393f22
10,Martin,Howard,1995-03-18,Male,4843336975,jaredfrancis@yahoo.com,"41779 Jordan Islands
Desireebury, VT 89614",A-,Kevin Velez,607.538.4106x799,UnitedHealthcare,2c70b275-1833-44f9-acd2-0b8adeed9ef3
11,Eileen,Hale,1996-01-01,Male,001-972-639-7027x6855,jenniferthompson@stout.com,"380 Acosta Points Suite 561
Theresashire, AK 16308",A+,Arthur Green,001-957-673-0708x7796,None,c0c4b3ac-554a-4224-b569-ab13c358bb59
12,James,Baker,1969-04-09,Female,001-890-551-8915,kimberlyvelasquez@cohen.com,"308 Jerry Lodge Suite 808
South Gina, DE 34411",A-,Dan Smith,(619)505-0463,UnitedHealthcare,N/A
13,Jennifer,Rose,1937-02-15,Male,660.793.5896,kellycasey@smith.com,"3210 Kevin Point
South Michaelmouth, WV 17042",A+,Paula Reyes,(448)192-5270x96609,Blue Cross,N/A
14,Timothy,Skinner,1953-02-15,Female,(546)624-0765x043,saguirre@yahoo.com,"855 Victor Lodge Suite 549
Port Jacqueline, NE 69605",B+,Daniel Savage,(237)466-6633x6515,Aetna,8edbaa22-a3b5-4f39-b25b-20a8eddcca6b
15,Donald,Bauer,1954-03-12,Female,(626)507-2949,kevin46@ross-campbell.com,"PSC 9557, Box 9470
APO AA 24840",AB+,Sarah Hunter,639-593-0411x001,UnitedHealthcare,f0f2b315-c1e0-4e6d-92ab-bfbe3838cde2
16,Abigail,Lewis,1994-11-04,Female,(432)659-8154x7748,monicamccullough@smith.com,"731 Young Island Suite 633
East Mark, NC 05026",AB+,Susan Davis,001-572-251-3536,UnitedHealthcare,1e03cb68-afa0-4e55-ad37-d52370ea7bb2
17,Jessica,Martin,2020-05-31,Female,(362)527-9662x38154,xjohnson@blake.net,"976 Lisa Skyway
West Chad, MO 93478",A-,Timothy Castro,(315)274-0679,Cigna,5e4cb1ba-66fc-45bc-b856-fe336a38c1bc
18,Garrett,Gonzalez,1958-09-21,Female,(907)181-3658x3608,jonathan78@hotmail.com,"49681 Emma Field
North Arthur, AL 38791",AB-,Michele Matthews,(227)352-7393x740,None,42bd8e6e-3d3d-49a7-8fe8-7f4b485941ad
19,Kayla,Miller,2009-11-10,Male,807-832-7808,christopheralvarez@yahoo.com,"455 Megan Streets Suite 890
Bennettberg, WY 13998",O+,Ricky Martinez,0080741697,Cigna,N/A
20,Jennifer,Williams,1986-04-04,Female,(893)363-8934,suzanne91@liu.com,"26372 Harris Park
Toddfurt, MA 75151",O-,Karla Boyer,906.343.1514x8712,Cigna,808a5cce-67e4-41c7-97ba-ccc9dd4f3f20
21,Tina,Bailey,2011-10-18,Female,001-302-093-5014x75140,tina98@hotmail.com,"9897 Watson Stream
Jacksonchester, MS 35112",A-,Sherry Jackson,+1-416-064-0129x345,Cigna,827d623f-d35d-4d4b-bf6c-22249523da54
22,Caleb,Farrell,1991-09-23,Male,862.170.7712x9731,alejandrowang@vargas.org,"01892 Hess Islands
Nelsonhaven, CA 79076",AB+,Daniel Arroyo,948-875-6040x6648,Blue Cross,ca8890c1-43c1-4f44-9a78-012b95a0124c
23,David,Alvarez,1972-10-20,Female,(931)368-9824x715,jessica62@clark.net,"99791 Nichols Tunnel Suite 266
Brandymouth, WY 42842",A-,Jaime Lopez,001-198-104-2586x297,Aetna,bbf02be1-717d-4d42-b000-46695a2ebbfe
24,Amanda,Nolan,1953-01-06,Female,(893)826-2539x5912,rwallace@booth-coleman.com,"16735 Hill Brook
Chelseyfurt, RI 97704",B-,Miss Maria Jones MD,4516595565,None,b6ab8b6f-b939-48c6-ae38-3ac091c7c0d5
25,Richard,Charles,2002-04-23,Female,958.770.5980,emily79@lopez.info,"735 Arnold Fords Suite 928
Rivasfort, MS 21344",O-,Anthony Schultz,(168)713-4571,Aetna,N/A
26,Stacy,Dean,1995-03-28,Male,+1-058-100-2328x547,deannawagner@rangel.com,"05505 Krystal Light Apt. 890
Ginaville, MN 74511",AB+,Cory Walker,001-299-139-0974x040,None,8bade331-53ae-4c41-998f-5b34e6b4ebd6
27,Richard,Wilson,1969-04-21,Male,001-173-852-5074,bartlettalexandria@hotmail.com,"0115 Stephanie Drive Apt. 456
Jordanfort, NC 11482",AB-,Robert Powell,9491094746,None,41a9283d-31b7-462a-9b98-736369b77a00
28,Mckenzie,Burgess,1967-07-24,Female,3959494818,garciamatthew@hotmail.com,"836 Ellis Gateway Apt. 630
Port Lisamouth, CO 30023",A-,Susan Robinson,+1-323-997-1724,Aetna,68c5ff15-5d57-4c82-ab68-0e8cc2b43afe
29,Paige,Curry,1936-08-09,Female,905-924-8327,williamsondonald@miller.info,"8792 Jessica Alley
North Michaelside, MT 76977",B-,Cynthia Delgado,717.951.6443,Blue Cross,7b79b017-3a62-40a8-bd7f-1e9a99747c05
30,Matthew,Pope,1962-04-05,Female,+1-833-560-9407x8195,jasonhudson@gmail.com,"PSC 2938, Box 5830
APO AP 30587",B+,William Newman,043-954-2974,Cigna,288de4af-0fae-4ee3-b6f2-404c23afc05b
31,Matthew,Berry,1947-12-13,Male,6423831023,vickieflores@gmail.com,"62559 Johnson Locks
Seanbury, IN 23416",AB-,Jeffrey Williams,+1-402-143-2212,Cigna,c9e445ca-2cf4-4c8f-9533-1e7c36d890e4
32,Jason,Wood,1937-06-04,Female,001-404-548-8777x878,littleshawn@gmail.com,"994 Joseph Meadow
Diazfort, MD 67101",A+,Craig Mills,(778)237-2197x376,Cigna,262aeaf2-31a3-40a2-9b08-5669893f44ed
33,Mark,Jennings,1957-10-21,Female,001-044-269-7955x3786,mary26@gmail.com,"44010 Anthony Mills Apt. 646
Katelynside, VT 41424",A+,Nicholas Gordon,494.399.5843x2006,UnitedHealthcare,c0f551d4-b268-42fc-8ef9-0c66f1ca644e
34,Kimberly,Hill,1940-03-23,Male,634-076-2119x71382,robertrogers@wright-mcneil.net,"89899 Patrick Oval Apt. 734
Loriborough, OH 54923",O+,Jodi Mcdonald,8800843834,Blue Cross,ecdcf356-4007-44ab-99a3-c8ea1dde3782
35,Jay,Navarro,2009-10-13,Female,001-321-003-3231x90913,gjackson@hotmail.com,"98909 Nicole Terrace
Sharonchester, MA 58795",AB-,Alexa Smith,462.789.1830x254,UnitedHealthcare,N/A
36,Brenda,Day,1966-09-16,Female,(440)166-6726x10199,antonioclay@massey.info,"0933 Jeremiah Plaza Suite 969
South Frankbury, TN 57361",O+,Katherine Carter,043-690-8397,Cigna,2771a49f-4436-4acf-92eb-840fb0368fa2
37,Donna,Stanley,2006-10-08,Female,+1-978-256-0355x2096,allenalexander@gmail.com,"62031 Robertson Courts Apt. 787
Mcneilburgh, MN 73789",A+,Matthew Pratt,340.585.2464,UnitedHealthcare,d2c6455b-7418-4259-979b-7ed970bd0de0
38,Tina,Sanders,1960-10-03,Male,0595375570,lmiller@hotmail.com,"7407 Peter Curve Suite 851
Scottton, LA 19203",B+,Mark Wall,(432)286-7061x25750,Blue Cross,c24c24bd-ae9e-4dc1-9342-4b5afa1f137e
39,Renee,Jones,1951-09-18,Female,001-101-245-2360x248,egarcia@williams-dalton.com,"308 Benjamin Spurs
Port Derrick, AK 26377",A+,William Adams,+1-610-455-9580x2026,None,c3717c5a-babb-4826-9f86-630201195094
40,Tara,Mcbride,1943-06-05,Male,001-679-922-1051x488,smithchristian@hotmail.com,"042 Price Parkway
Kylebury, KY 81433",B-,Patrick Jones,857.577.2605,Blue Cross,6e2d6c96-c1e1-4604-a8ee-169735c58b8a
41,Terri,Wilson,1973-11-28,Male,(430)468-6740x0138,bowmanlaura@gmail.com,"2464 Jaime Shores Apt. 791
Ashleymouth, MS 73132",O-,Jason Turner,+1-182-940-4485x829,Blue Cross,N/A
42,Jessica,Howell,1981-06-02,Female,758.534.2172,joshua69@hotmail.com,"49036 Manuel Hills
South Tara, IA 60915",A+,Theodore Wang,278.462.7221x705,UnitedHealthcare,3df59abc-b8a0-4fbc-bbe9-660b39163bd1
43,Roger,Ward,2019-09-03,Female,+1-981-416-6050x606,dwebb@hotmail.com,"036 Benjamin Wall
Jimmychester, CO 33714",A+,John Castro,+1-746-431-3876x756,Cigna,59325092-512a-4397-a2e4-19dadb294f66
44,Christina,Green,1939-03-28,Female,001-059-422-5789x88806,antoniowagner@haas-lopez.com,"438 Jacqueline Ranch
West Bryanborough, VT 92843",AB-,Tiffany Davis,+1-659-558-5145x354,UnitedHealthcare,fa33ee5a-1af5-4204-9fc2-e4fcd35ef805
45,Marissa,Jordan,2001-09-17,Female,(666)616-0469,gibsonkenneth@gmail.com,"66010 Perez Mountains Apt. 576
Port Thomas, CO 95490",B-,Ashley Cuevas,(446)483-5776x308,None,N/A
46,Jonathan,Wilson,1977-10-13,Male,+1-930-464-7554x30334,vnelson@tucker.com,"9088 Willis Lock Suite 703
Paulport, DE 86513",AB+,Ashley Hunt,001-470-729-5476x859,Cigna,d54bc53c-5316-495e-818e-a7e26cc0d494
47,Candace,King,2002-04-18,Male,(645)887-1972,wolfesuzanne@hotmail.com,"530 Amanda Estate Suite 105
South Charles, IA 74043",AB+,Jennifer Schneider,001-557-279-3192x669,Blue Cross,N/A
48,Jason,Wilson,2023-10-10,Female,(238)411-7914,christopher80@marshall-lin.net,"0638 Horton Crossroad
Nathanland, TX 10284",B+,Jason Francis,637.661.1805x70736,Blue Cross,e25683d2-0be9-4539-8212-2c5f092437c8
49,Elijah,Everett,1935-03-25,Female,389.856.6122x3161,rswanson@deleon.com,"891 Aaron Roads Suite 772
West Jeremystad, MD 35327",O+,Dylan Smith,814-258-3663x9523,None,4c58953d-0945-43db-afcf-b44ec180fe6e
50,Brandy,Arnold,2021-07-25,Male,732.705.2154x0919,jillsims@gmail.com,"6236 Steven Track
New Samuel, MA 09831",AB+,Jennifer Allen,(832)778-7448x950,UnitedHealthcare,b822a24e-c2bf-4ce9-b9ae-e8a3fb052b3b
